Workbook

Sheet Lookup
A1: Order ID | B1: Product | C1: Category | D1: Quantity | E1: Price per Unit | F1: Order Date
A2: 1003 | B2: Laptop | C2: Electronics | D2: 2 | E2: 800 | F2: 44931 | I2: Order ID | J2: Category
A3: 1002 | B3: Printer | C3: Electronics | D3: 1 | E3: 300 | F3: 44936 | H3: Vlookup | I3: 1005 | J3: =VLOOKUP(I3,Table1[[Order ID]:[Category]],3) -> Electronics
A4: 1003 | B4: Desk | C4: Office Furniture | D4: 1 | E4: 200 | F4: 44941 | H4: Xlookup | I4: 1005 | J4: =_xlfn.XLOOKUP(I4,Table1[Order ID],Table1[Category],"No Data Found",0,1) -> Electronics
A5: 1004 | B5: Chair | C5: Office Furniture | D5: 4 | E5: 50 | F5: 44946 | G5: 1003 | H5: lookup | I5: 1010 | J5: =LOOKUP(I5,Table1[Order ID],Table1[Category]) -> Electronics
A6: 1005 | B6: Smartphone | C6: Electronics | D6: 3 | E6: 400 | F6: 44951 | G6: 1002
A7: 1006 | B7: Tablet | C7: Electronics | D7: 2 | E7: 250 | F7: 44958 | G7: 1003
A8: 1005 | B8: Mobile | C8: C | G8: 1004 | H8: 1009 | I8: =VLOOKUP(H8,Table1[],3,1) -> Office Furniture | J8: =_xlfn.XLOOKUP(H8,Table1[Order ID],Table1[Price per Unit],"No data",0) -> 120
A9: 1007 | B9: Desk Lamp | C9: Home Decor | D9: 1 | E9: 30 | F9: 44962 | G9: 1005 | H9: 1011 | I9: =VLOOKUP(H9,Table1[],3,1) -> Office Furniture | J9: =_xlfn.XLOOKUP(H9,Table1[Order ID],Table1[Price per Unit],"No data",0) -> No data
A10: 1008 | B10: File Cabinet | C10: Office Furniture | D10: 2 | E10: 150 | F10: 44967 | G10: 1006 | H10: Smartphone | I10: =_xlfn.XLOOKUP(H10,Table1[Product],Table1[Order ID],"no",0) -> 1005
A11: 1010 | B11: Headphones | C11: Electronics | D11: 2 | E11: 100 | F11: 44972 | G11: 1007 | I11: =_xlfn.XLOOKUP(H11,Table1[Product],Table1[Order ID],"")
A12: 1009 | B12: Bookshelf | C12: Office Furniture | D12: 1 | E12: 120 | F12: 44977 | G12: 1008
G13: 1010
G14: 1009
A16: Order ID | B16: 1003 | C16: 1002 | D16: 1001 | E16: 1004 | F16: 1005 | G16: 1006 | H16: 1007 | I16: 1008 | J16: 1010 | K16: 1009
A17: Product | B17: Laptop | C17: Printer | D17: Desk | E17: Chair | F17: Smartphone | G17: Tablet | H17: Desk Lamp | I17: File Cabinet | J17: Headphones | K17: Bookshelf
A18: Category | B18: Electronics | C18: Electronics | D18: m | E18: Office Furniture | F18: Electronics | G18: Electronics | H18: Home Decor | I18: Office Furniture | J18: Electronics | K18: Office Furniture
A19: Quantity | B19: 2 | C19: 1 | D19: 1 | E19: 4 | F19: 3 | G19: 2 | H19: 1 | I19: 2 | J19: 2 | K19: 1
A20: Price per Unit | B20: 800 | C20: 300 | D20: 200 | E20: 50 | F20: 400 | G20: 250 | H20: 30 | I20: 150 | J20: 100 | K20: 120
A21: Order Date | B21: 44931 | C21: 44936 | D21: 44941 | E21: 44946 | F21: 44951 | G21: 44958 | H21: 44962 | I21: 44967 | J21: 44972 | K21: 44977
E24: Hlookup | F24: 1001 | G24: =HLOOKUP(F24,B16:K21,3,0) -> m
D26: 1001 | E26: =HLOOKUP(D26,B16:I21,5,0) -> 200
E28: =_xlfn.XLOOKUP(D26,B16:I16,B18:I18,"no",0) -> m
B33: 1 | C33: 5 | D33: =B33+C$33 -> 6
B34: 2 | D34: =B34+C$33 -> 7
B35: 3 | D35: =B35+C$33 -> 8

Sheet Index+Match
A1: Order ID | B1: Product | C1: Category | D1: Quantity | E1: Price per Unit | F1: Order Date | H1: 1002
A2: 1001 | B2: Laptop | C2: Electronics | D2: 2 | E2: 800 | F2: 44931 | I2: {=VLOOKUP('Index+Match'!$A2,'Index+Match'!$A$2:$F$11,{2,3,4,5,6},0)} -> Laptop | J2: Electronics | K2: 2 | L2: 800 | M2: 44931
A3: 1002 | B3: Printer | C3: Electronics | D3: 1 | E3: 300 | F3: 44936 | H3: Index
A4: 1003 | B4: Desk | C4: Office Furniture | D4: 1 | E4: 200 | F4: 44941 | H4: Case1 | I4: Want to Retrive complete row data | J4: {=INDEX('Index+Match'!$A$2:$F$11,5,0)} -> 1005 | K4: Smartphone | L4: Electronics | M4: 3 | N4: 400 | O4: 44951
A5: 1008 | B5: Chair | C5: Office Furniture | D5: 4 | E5: 50 | F5: 44946 | H5: Case2 | I5: Want to Retrive complete column data | J5: {=INDEX('Index+Match'!$A$2:$F$11,0,2)} -> Laptop
A6: 1005 | B6: Smartphone | C6: Electronics | D6: 3 | E6: 400 | F6: 44951 | J6: Printer
A7: 1006 | B7: Tablet | C7: Electronics | D7: 2 | E7: 250 | F7: 44958 | J7: Desk
A8: 1007 | B8: Desk Lamp | C8: Home Decor | D8: 1 | E8: 30 | F8: 44962 | J8: Chair
A9: 1004 | B9: File Cabinet | C9: Office Furniture | D9: 2 | E9: 150 | F9: 44967 | J9: Smartphone
A10: 1010 | B10: Headphones | C10: Electronics | D10: 2 | E10: 100 | F10: 44972 | J10: Tablet
A11: 1009 | B11: Bookshelf | C11: Office Furniture | D11: 1 | E11: 120 | F11: 44977 | J11: Desk Lamp
J12: File Cabinet
J13: Headphones
J14: Bookshelf
D15: 1007 | E15: Price per Unit | F15: =INDEX('Index+Match'!$A$2:$F$11,MATCH(D15,'Index+Match'!$A$2:$A$11,0),MATCH(E15,Table3[#Headers],0)) -> 30
H16: Case3 | I16: Want To Find Data in 2D array | J16: =INDEX('Index+Match'!$A$2:$F$11,2,3) -> Electronics
B17: =MATCH(D15,'Index+Match'!$A$2:$A$11,0) -> 7 | D17: =INDEX('Index+Match'!$A$2:$C$11,3,3) -> Office Furniture | H17: Case4 | I17: Want To Find Data in 1D array | J17: =INDEX('Index+Match'!$A$2:$A$11,5) -> 1005
H18: Case5 | I18: Want To Find Data in 1D array | J18: {=INDEX(A2:F2,0,3)} -> Electronics
G20: Office Furniture | H20: Match | I20: Return Index of Value in Array | J20: =MATCH(G20,'Index+Match'!$C$2:$C$11,0) -> 3
E21: =INDEX('Index+Match'!$A$2:$F$11,MATCH(1006,'Index+Match'!$A$2:$A$11,0),4) -> 2 | H21: =MATCH(1001,'Index+Match'!$A$2:$A$11,) -> 1
C23: {=INDEX(Table3[], MATCH(D15, INDEX(Table3[],,1), 0), {2,5})} -> Desk Lamp | D23: 30

Sheet Filter&Sort
B4: Order ID | C4: Product | D4: Category | E4: Quantity | F4: Price per Unit | G4: Order Date | H4: Column1
B5: 1010 | C5: Headphones | D5: Electronics | E5: 2 | F5: 100 | G5: 44972 | J5: Filter | S5: Offset
B6: 1009 | C6: Bookshelf | D6: Office Furniture | E6: 1 | F6: 120 | G6: 44977 | J6: Category | K6: {=_xlfn._xlws.FILTER(Table13[],Table13[Product]=H7,"No data Found")} -> No data Found | T6: =OFFSET(V4,1,-3) -> Offset | V6: =OFFSET(S8,-3,0) -> Offset
B7: 1008 | C7: File Cabinet | D7: Office Furniture | E7: 2 | F7: 150 | G7: 44967 | J7: Home Decor
B8: 1007 | C8: Desk Lamp | D8: Home Decor | E8: 1 | F8: 30 | G8: 44962
B9: 1006 | C9: Tablet | D9: Electronics | E9: 2 | F9: 250 | G9: 44958
B10: 1005 | C10: Smartphone | D10: Electronics | E10: 3 | F10: 400 | G10: 44951 | V10: =OFFSET(U11,-6,-2) -> Offset
B11: 1004 | C11: Chair | D11: Office Furniture | E11: 4 | F11: 50 | G11: 44946
B12: 1003 | C12: Laptop | D12: Electronics | E12: 2 | F12: 800 | G12: 44931
B13: 1003 | C13: Desk | D13: Office Furniture | E13: 1 | F13: 200 | G13: 44941 | H13: Tablet
B14: 1002 | C14: Printer | D14: Electronics | E14: 1 | F14: 300 | G14: 44936
J15: Sort | S15: Sortby
K16: {=_xlfn._xlws.SORT(Table13[[Order ID]:[Order Date]],2,1)} -> 1009 | L16: Bookshelf | M16: Office Furniture | N16: 1 | O16: 120 | P16: 44977 | T16: {=_xlfn.SORTBY(Table13[],Table13[Order ID],1,Table13[Product],1)} -> 1002 | U16: Printer | V16: Electronics | W16: 1 | X16: 300 | Y16: 44936 | Z16: 0
K17: 1004 | L17: Chair | M17: Office Furniture | N17: 4 | O17: 50 | P17: 44946 | T17: 1003 | U17: Desk | V17: Office Furniture | W17: 1 | X17: 200 | Y17: 44941 | Z17: Tablet
K18: 1003 | L18: Desk | M18: Office Furniture | N18: 1 | O18: 200 | P18: 44941 | T18: 1003 | U18: Laptop | V18: Electronics | W18: 2 | X18: 800 | Y18: 44931 | Z18: 0
K19: 1007 | L19: Desk Lamp | M19: Home Decor | N19: 1 | O19: 30 | P19: 44962 | T19: 1004 | U19: Chair | V19: Office Furniture | W19: 4 | X19: 50 | Y19: 44946 | Z19: 0
K20: 1008 | L20: File Cabinet | M20: Office Furniture | N20: 2 | O20: 150 | P20: 44967 | T20: 1005 | U20: Smartphone | V20: Electronics | W20: 3 | X20: 400 | Y20: 44951 | Z20: 0
K21: 1010 | L21: Headphones | M21: Electronics | N21: 2 | O21: 100 | P21: 44972 | T21: 1006 | U21: Tablet | V21: Electronics | W21: 2 | X21: 250 | Y21: 44958 | Z21: 0
K22: 1003 | L22: Laptop | M22: Electronics | N22: 2 | O22: 800 | P22: 44931 | T22: 1007 | U22: Desk Lamp | V22: Home Decor | W22: 1 | X22: 30 | Y22: 44962 | Z22: 0
K23: 1002 | L23: Printer | M23: Electronics | N23: 1 | O23: 300 | P23: 44936 | T23: 1008 | U23: File Cabinet | V23: Office Furniture | W23: 2 | X23: 150 | Y23: 44967 | Z23: 0
K24: 1005 | L24: Smartphone | M24: Electronics | N24: 3 | O24: 400 | P24: 44951 | T24: 1009 | U24: Bookshelf | V24: Office Furniture | W24: 1 | X24: 120 | Y24: 44977 | Z24: 0
K25: 1006 | L25: Tablet | M25: Electronics | N25: 2 | O25: 250 | P25: 44958 | T25: 1010 | U25: Headphones | V25: Electronics | W25: 2 | X25: 100 | Y25: 44972 | Z25: 0
K42: 1009 | L42: Bookshelf | M42: Office Furniture | N42: 1 | O42: 120 | P42: 44977 | Q42: 1002 | R42: {=INDEX(K42:P51,MATCH(Q42,K42:K51,0),{2,3,4,5,6})} -> Printer | S42: Electronics | T42: 1 | U42: 300 | V42: 44936
K43: 1004 | L43: Chair | M43: Office Furniture | N43: 4 | O43: 50 | P43: 44946
K44: 1003 | L44: Desk | M44: Office Furniture | N44: 1 | O44: 200 | P44: 44941 | Q44: {=N44:N51*O44:O51} -> 200 | R44: 200 | S44: {=SUM(LARGE(R44:R51,{1,2,3}))} -> 3300
K45: 1007 | L45: Desk Lamp | M45: Home Decor | N45: 1 | O45: 30 | P45: 44962 | Q45: 30 | R45: 30
K46: 1008 | L46: File Cabinet | M46: Office Furniture | N46: 2 | O46: 150 | P46: 44967 | Q46: 300 | R46: 300
K47: 1010 | L47: Headphones | M47: Electronics | N47: 2 | O47: 100 | P47: 44972 | Q47: 200 | R47: 200
K48: 1003 | L48: Laptop | M48: Electronics | N48: 2 | O48: 800 | P48: 44931 | Q48: 1600 | R48: 1600
K49: 1002 | L49: Printer | M49: Electronics | N49: 1 | O49: 300 | P49: 44936 | Q49: 300 | R49: 300
K50: 1005 | L50: Smartphone | M50: Electronics | N50: 3 | O50: 400 | P50: 44951 | Q50: 1200 | R50: 1200
K51: 1006 | L51: Tablet | M51: Electronics | N51: 2 | O51: 250 | P51: 44958 | Q51: 500 | R51: 500

Sheet RemoveDuplicate
D5: 1 | E5: a | G5: 1 | H5: a | I5: 1 | K5: 1 | L5: a
D6: 2 | E6: g | G6: 2 | H6: v | I6: 2 | K6: 2 | L6: g
D7: 3 | E7: sd | G7: 3 | H7: c | I7: 3 | K7: 3 | L7: sd
D8: 4 | E8: ff | G8: 5 | H8: x | I8: 5 | K8: 4 | L8: ff
D9: 35 | E9: g | G9: 6 | H9: s | I9: 4 | K9: 5 | L9: x
D10: 5 | E10: cv | G10: 3 | H10: n | I10: 6 | K10: 6 | L10: cv
D11: 1 | E11: cv | K11: 35
