Workbook

Sheet Employees
A1: Emp_ID | B1: Name | C1: Dept_ID | D1: Location_ID | E1: Salary | F1: Join_Date
A2: 1001 | B2: Amit | C2: D01 | D2: L01 | E2: 48000 | F2: 2021-05-10
A3: 1002 | B3: Neha | C3: D02 | D3: L02 | E3: 62000 | F3: 2020-03-15
A4: 1003 | B4: Raj | C4: D03 | D4: L01 | E4: 54000 | F4: 2022-01-20
A5: 1004 | B5: Simran | C5: D01 | D5: L03 | E5: 51000 | F5: 2019-07-11
A6: 1005 | B6: Arjun | C6: D04 | D6: L02 | E6: 72000 | F6: 2018-09-23

Sheet Departments
A1: Dept_ID | B1: Dept_Name
A2: D01 | B2: HR
A3: D02 | B3: Finance
A4: D03 | B4: IT
A5: D04 | B5: Marketing

Sheet Locations
A1: Location_ID | B1: City
A2: L01 | B2: Mumbai
A3: L02 | B3: Pune
A4: L03 | B4: Bangalore

Sheet Salary_Bands
A1: Min_Salary | B1: Max_Salary | C1: Grade
A2: 0 | B2: 50000 | C2: C
A3: 50001 | B3: 65000 | C3: B
A4: 65001 | B4: 100000 | C4: A

Sheet Ratings
A1: Emp_ID | B1: Rating
A2: 1001 | B2: 3
A3: 1002 | B3: 5
A4: 1003 | B4: 4
A5: 1004 | B5: 2
A6: 1005 | B6: 5

Sheet HR_Analytics
A1: Emp_ID | B1: Name | C1: Dept | D1: City | E1: Salary | F1: Grade | G1: Rating
A2: 1001 | B2: Amit | C2: =VLOOKUP(VLOOKUP(Table6[[#This Row],[Emp_ID ]],Employees!$A$2:$F$6,3,0),Departments!$A$2:$B$5,2,0) -> HR | D2: =VLOOKUP(VLOOKUP(Table6[[#This Row],[Emp_ID ]],Employees!$A$2:$F$6,4,0),Locations!$A$2:$B$4,2,0) -> Mumbai | E2: 10000 | F2: =INDEX(Salary_Bands!C:C, MATCH(E2, Salary_Bands!A:A, 1)) -> C | G2: =VLOOKUP(Table6[[#This Row],[Emp_ID ]],Ratings!$A$2:$B$6,2,0) -> 3 | K2: =_xlfn.XLOOKUP(Table6[[#This Row],[ Salary ]], Table10[Min_Salary], Table10[Grade], "NA", -1) -> C
A3: 1002 | B3: Neha | C3: =VLOOKUP(VLOOKUP(Table6[[#This Row],[Emp_ID ]],Employees!$A$2:$F$6,3,0),Departments!$A$2:$B$5,2,0) -> Finance | D3: =VLOOKUP(VLOOKUP(Table6[[#This Row],[Emp_ID ]],Employees!$A$2:$F$6,4,0),Locations!$A$2:$B$4,2,0) -> Pune | E3: =VLOOKUP(Table6[[#This Row],[Emp_ID ]],Employees!$A$2:$F$6,5,0) -> 62000 | F3: =INDEX(Salary_Bands!C:C, MATCH(E3, Salary_Bands!A:A, 1)) -> B | G3: =VLOOKUP(Table6[[#This Row],[Emp_ID ]],Ratings!$A$2:$B$6,2,0) -> 5 | K3: =_xlfn.XLOOKUP(Table6[[#This Row],[ Salary ]], Table10[Min_Salary], Table10[Grade], "NA", -1) -> B
A4: 1003 | B4: Raj | C4: =VLOOKUP(VLOOKUP(Table6[[#This Row],[Emp_ID ]],Employees!$A$2:$F$6,3,0),Departments!$A$2:$B$5,2,0) -> IT | D4: =VLOOKUP(VLOOKUP(Table6[[#This Row],[Emp_ID ]],Employees!$A$2:$F$6,4,0),Locations!$A$2:$B$4,2,0) -> Mumbai | E4: =VLOOKUP(Table6[[#This Row],[Emp_ID ]],Employees!$A$2:$F$6,5,0) -> 54000 | F4: =INDEX(Salary_Bands!C:C, MATCH(E4, Salary_Bands!A:A, 1)) -> B | G4: =VLOOKUP(Table6[[#This Row],[Emp_ID ]],Ratings!$A$2:$B$6,2,0) -> 4 | K4: =_xlfn.XLOOKUP(Table6[[#This Row],[ Salary ]], Table10[Min_Salary], Table10[Grade], "NA", -1) -> B
A5: 1004 | B5: Simran | C5: =VLOOKUP(VLOOKUP(Table6[[#This Row],[Emp_ID ]],Employees!$A$2:$F$6,3,0),Departments!$A$2:$B$5,2,0) -> HR | D5: =VLOOKUP(VLOOKUP(Table6[[#This Row],[Emp_ID ]],Employees!$A$2:$F$6,4,0),Locations!$A$2:$B$4,2,0) -> Bangalore | E5: =VLOOKUP(Table6[[#This Row],[Emp_ID ]],Employees!$A$2:$F$6,5,0) -> 51000 | F5: =INDEX(Salary_Bands!C:C, MATCH(E5, Salary_Bands!A:A, 1)) -> B | G5: =VLOOKUP(Table6[[#This Row],[Emp_ID ]],Ratings!$A$2:$B$6,2,0) -> 2 | K5: =_xlfn.XLOOKUP(Table6[[#This Row],[ Salary ]], Table10[Min_Salary], Table10[Grade], "NA", -1) -> B
A6: 1005 | B6: Arjun | C6: =VLOOKUP(VLOOKUP(Table6[[#This Row],[Emp_ID ]],Employees!$A$2:$F$6,3,0),Departments!$A$2:$B$5,2,0) -> Marketing | D6: =VLOOKUP(VLOOKUP(Table6[[#This Row],[Emp_ID ]],Employees!$A$2:$F$6,4,0),Locations!$A$2:$B$4,2,0) -> Pune | E6: =VLOOKUP(Table6[[#This Row],[Emp_ID ]],Employees!$A$2:$F$6,5,0) -> 72000 | F6: =INDEX(Salary_Bands!C:C, MATCH(E6, Salary_Bands!A:A, 1)) -> A | G6: =VLOOKUP(Table6[[#This Row],[Emp_ID ]],Ratings!$A$2:$B$6,2,0) -> 5 | K6: =_xlfn.XLOOKUP(Table6[[#This Row],[ Salary ]], Table10[Min_Salary], Table10[Grade], "NA", -1) -> A
